{"stats":{"minecraft:custom":{"minecraft:jump":16,"minecraft:open_chest":1,"minecraft:time_since_rest":123,"minecraft:leave_game":1,"minecraft:damage_taken":40,"minecraft:crouch_one_cm":2718,"minecraft:play_one_minute":3222,"minecraft:sprint_one_cm":1894,"minecraft:walk_one_cm":6559,"minecraft:time_since_death":121,"minecraft:deaths":27,"minecraft:sneak_time":923,"minecraft:drop":10,"minecraft:fall_one_cm":8563,"minecraft:fly_one_cm":39016},"minecraft:used":{"minecraft:ender_pearl":13},"minecraft:picked_up":{"minecraft:ender_pearl":10},"minecraft:dropped":{"minecraft:ender_pearl":10}},"DataVersion":2230}