{"stats":{"minecraft:custom":{"minecraft:time_since_rest":3864,"minecraft:open_chest":4,"minecraft:crouch_one_cm":12373,"minecraft:play_one_minute":132538,"minecraft:damage_taken":790,"minecraft:sprint_one_cm":56631,"minecraft:deaths":124,"minecraft:walk_one_cm":104153,"minecraft:sneak_time":9566,"minecraft:drop":10,"minecraft:jump":594,"minecraft:leave_game":13,"minecraft:time_since_death":3863,"minecraft:fall_one_cm":69023,"minecraft:fly_one_cm":1287364},"minecraft:used":{"minecraft:glass":17,"minecraft:lever":2,"minecraft:glowstone":29,"minecraft:emerald_block":24,"minecraft:command_block":5,"minecraft:red_concrete":338,"minecraft:iron_block":84,"minecraft:grass_block":24,"minecraft:gold_block":6,"minecraft:chain_command_block":5,"minecraft:repeating_command_block":9,"minecraft:ender_pearl":199,"minecraft:chest":1,"minecraft:stone_pressure_plate":3,"minecraft:white_concrete":707,"minecraft:redstone_block":29},"minecraft:picked_up":{"minecraft:redstone_block":1,"minecraft:repeating_command_block":1,"minecraft:iron_block":1,"minecraft:white_concrete":1,"minecraft:red_concrete":1,"minecraft:chest":1,"minecraft:ender_pearl":7},"minecraft:dropped":{"minecraft:repeating_command_block":1,"minecraft:ender_pearl":7,"minecraft:redstone_block":1,"minecraft:chest":1}},"DataVersion":2230}